{
 "abomasnow": 0.68,
 "clefairy": 0.9766666666666667,
 "dragapult": 0.8933333333333333,
 "iono": 0.8066666666666666,
 "mega_lucario": 0.9333333333333333,
 "raging_bolt": 1.0,
 "terastal_box": 0.98
}