{
 "abomasnow": 0.7833333333333333,
 "clefairy": 0.9633333333333334,
 "dragapult": 0.9066666666666666,
 "iono": 0.8566666666666667,
 "mega_lucario": 0.98,
 "raging_bolt": 0.9966666666666667,
 "terastal_box": 0.96
}